evt,trks,hits,filltime,contime, fittime, mergtime, ztime,tottime
0,17,385,0.000764259,0.0522051,0.0123373,0.121497,0.000225458,0.20319
