case,fill,reconsxy,reconsz,total
1,0.049095,0.007242,0.000516,0.056853
2,0.000107,0.008183,0.000585,0.008875
